 ,Nearest Neighbors ,Linear SVM ,RBF SVM ,Decision Tree ,Random Forest ,Naive Bayes
Accuracy:,0.999920379,0.999960189,0.999840758,0.999840758,0.999960189,1
Precision:,0.999605211,0.999802567,0.999210734,0.999210734,0.999802567,1
Recall:,1,1,1,1,1,1
AUC:,0.999950137,0.999975069,0.999900274,0.999900274,0.999975069,1
